{
    "profile": "tabular-data-package",
    "resources": [
      {
        "profile": "tabular-data-resource",
        "name": "games",
        "schema": {
          "fields": [
            {
              "name": "id",
              "type": "number",
              "count": 2
            },
            {
              "name": "title2",
              "type": "string",
              "count": 2
            }

          ],
          "primaryKey": "_link"
        },
        "path": "csv/games.csv"
      }
    ]
  }